{"accuracy": 99, "_timestamp": 1667930385.4557748, "_runtime": 11.281811714172363, "_step": 99, "_wandb": {"runtime": 7}}